"anatinae","anserinae","ardeidae","arenaria_calidris","around_surf","aythyini","below_surf","cong","host_dist","laridae","migr","plant","scav","species_richness","vend","chicken_density_2010","duck_density_2010","elevation_diff","elevation_max","elevation_min","elevation_mode","isotherm_mean_q1","isotherm_mean_q2","isotherm_mean_q3","isotherm_mean_q4","isotherm_midday_days_below1_q1","isotherm_midday_days_below1_q2","isotherm_midday_days_below1_q3","isotherm_midday_days_below1_q4","mean_diff_third_quart","mean_prec_third_quart","mean_relative_humidity_q1","mean_relative_humidity_q2","mean_relative_humidity_q3","mean_relative_humidity_q4","mean_temp_q1","mean_temp_q2","mean_temp_q3","mean_temp_q4","ndvi_third_quart_2022","Water_bodies","Evergreen_Needleleaf_Forests","Evergreen_Broadleaf_Forests","Deciduous_Needleleaf_Forests","Deciduous_Broadleaf_Forests","Mixed_Forests","Closed_Shrublands","Open_Shrublands","Woody_Savannas","Savannas","Grasslands","Permanent_Wetlands","Croplands","Urban_and_Built.up_Lands","Cropland.Natural_Vegetation_Mosaics","Non.Vegetated_Lands","Unclassified","dist_to_coast_km","dist_to_water","y","ri"
495.173370361328,1048.80822753906,44.2385749816895,30.3678722381592,1166.58801269531,153.901382446289,344.022521972656,3812.083984375,6654.857421875,639.880920410156,7954.7822265625,1485.50598144531,334.32763671875,103,205.368759155273,79337.3046875,759.487060546875,10,6,-4,-2,1529.78991699219,2457.45385742188,3312.54956054688,2003.25793457031,0,0,0,1,11.5665102005005,60.8333282470703,71.1711883544922,58.7961235046387,59.1499633789062,80.1375961303711,4.89653205871582,15.0033388137817,18.2437038421631,8.10625743865967,0.700678646564484,0,0,0,0,0,0,0,0,0,0,0,0,0,0,0,0,1,63.9499702453613,0,0,c(150, 73, 172, 171, 172, 206, 206, 211, 222, 16, 73, 171, 206, 81, 206, 103, 229, 206, 229, 16, 229, 72, 206, 172, 229, 229, 206, 229, 206, 206, 103, 206, 229, 229, 73, 212, 206, 56, 56, 56, 56, 229, 150, 81, 81, 81, 81, 81, 81, 81, 81, 81, 81, 81, 178, 81, 73, 81, 212, 212, 212, 212, 106, 106, 106, 206, 53)
79.8193511962891,1.9067223072052,35.5303230285645,0.00902085844427347,86.0153045654297,0,42.1893577575684,428.202087402344,2181.47314453125,1.95865643024445,2783.3203125,349.044738769531,72.4069137573242,76,81.6765441894531,26910.50390625,18845.6875,109,113,4,40,2289.43530273438,3178.39599609375,4147.20849609375,2841.99243164062,0,0,0,0,10.6047582626343,69.3597412109375,68.3179244995117,60.7356147766113,51.0757904052734,65.1458892822266,9.13638591766357,16.7598247528076,21.8520069122314,13.0298538208008,0.664874196052551,0,0,0,0,0,0,0,0,0,0,0,0,0,1,0,0,0,26.9248809814453,80622.578125,0,c(150, 73, 172, 171, 172, 206, 206, 211, 222, 16, 73, 171, 206, 81, 206, 103, 229, 206, 229, 16, 229, 72, 206, 172, 229, 229, 206, 229, 206, 206, 103, 206, 229, 229, 73, 212, 206, 56, 56, 56, 56, 229, 150, 81, 81, 81, 81, 81, 81, 81, 81, 81, 81, 81, 178, 81, 73, 81, 212, 212, 212, 212, 106, 106, 106, 206, 53)
55.857738494873,0.000948160246480256,33.8081436157227,0.146626621484756,100.618713378906,0,50.0384368896484,662.032348632812,2227.005859375,22.1679821014404,2660.59912109375,433.501098632812,101.145874023438,96,98.7084655761719,725.223510742188,250.561584472656,195,484,289,426,2483.39404296875,3358.51049804688,4317.83935546875,3154.29052734375,0,0,0,0,15.3881397247314,6.3505482673645,58.3719024658203,41.2883186340332,34.7755317687988,66.6013641357422,9.86708736419678,16.7583198547363,23.679048538208,13.3069143295288,0.340948075056076,0,0,0,0,0,0,0,0,0,1,0,0,0,0,0,0,0,110.404373168945,31622.77734375,0,c(150, 73, 172, 171, 172, 206, 206, 211, 222, 16, 73, 171, 206, 81, 206, 103, 229, 206, 229, 16, 229, 72, 206, 172, 229, 229, 206, 229, 206, 206, 103, 206, 229, 229, 73, 212, 206, 56, 56, 56, 56, 229, 150, 81, 81, 81, 81, 81, 81, 81, 81, 81, 81, 81, 178, 81, 73, 81, 212, 212, 212, 212, 106, 106, 106, 206, 53)
196.593078613281,10.7299385070801,7.48419237136841,0.262954145669937,198.83186340332,2.25535535812378,64.9063110351562,542.621520996094,2896.20751953125,95.9668502807617,3339.98779296875,282.642730712891,153.005966186523,84,90.0787658691406,20912.10546875,470.32275390625,22,116,94,108,687.985046386719,2204.54711914062,3126.43701171875,1688.71704101562,8,0,0,12,10.8304758071899,62.4063034057617,63.9358520507812,50.882194519043,55.5234909057617,79.4029312133789,-0.811006128787994,16.4545307159424,18.8889007568359,5.31978893280029,0.559305191040039,0,0,0,0,0,0,0,0,0,0,0,0,1,0,0,0,0,251.450912475586,72801.1015625,0,c(150, 73, 172, 171, 172, 206, 206, 211, 222, 16, 73, 171, 206, 81, 206, 103, 229, 206, 229, 16, 229, 72, 206, 172, 229, 229, 206, 229, 206, 206, 103, 206, 229, 229, 73, 212, 206, 56, 56, 56, 56, 229, 150, 81, 81, 81, 81, 81, 81, 81, 81, 81, 81, 81, 178, 81, 73, 81, 212, 212, 212, 212, 106, 106, 106, 206, 53)
8.2752571105957,0,1.72816777229309,0,8.92289543151855,0,7.02840089797974,183.407806396484,1845.17321777344,0,2662.17553710938,295.924224853516,53.1206932067871,87,62.6222496032715,2138.13916015625,242.108810424805,685,1091,406,422,2055.32202148438,2870.79736328125,3884.48828125,2679.4755859375,0,0,0,0,13.0502281188965,10.0949010848999,61.4220848083496,47.0763320922852,34.8574752807617,71.923469543457,8.61145496368408,16.0857028961182,22.6630859375,11.5796318054199,0.48969629406929,0,0,0,0,0,0,0,1,0,0,0,0,0,0,0,0,0,114.839981079102,50990.1953125,0,c(150, 73, 172, 171, 172, 206, 206, 211, 222, 16, 73, 171, 206, 81, 206, 103, 229, 206, 229, 16, 229, 72, 206, 172, 229, 229, 206, 229, 206, 206, 103, 206, 229, 229, 73, 212, 206, 56, 56, 56, 56, 229, 150, 81, 81, 81, 81, 81, 81, 81, 81, 81, 81, 81, 178, 81, 73, 81, 212, 212, 212, 212, 106, 106, 106, 206, 53)
34.2061233520508,0,2.82846093177795,0,38.7055320739746,0,11.2379636764526,844.72021484375,2731.48266601562,3.18893694877625,3455.33911132812,656.473083496094,241.994689941406,107,128.235046386719,58703.16796875,3.14632415771484,130,546,416,489,1880.17993164062,2779.89233398438,3683.3671875,2412.36669921875,0,0,0,0,14.1074590682983,35.9800491333008,52.4070510864258,32.0332336425781,33.8965759277344,62.8536262512207,7.90960264205933,18.232307434082,25.32497215271,11.6220417022705,0.246634766459465,0,0,0,0,0,0,0,0,0,0,0,1,0,0,0,0,0,170.720977783203,22360.6796875,0,c(150, 73, 172, 171, 172, 206, 206, 211, 222, 16, 73, 171, 206, 81, 206, 103, 229, 206, 229, 16, 229, 72, 206, 172, 229, 229, 206, 229, 206, 206, 103, 206, 229, 229, 73, 212, 206, 56, 56, 56, 56, 229, 150, 81, 81, 81, 81, 81, 81, 81, 81, 81, 81, 81, 178, 81, 73, 81, 212, 212, 212, 212, 106, 106, 106, 206, 53)
17.4366035461426,0.000765365140978247,3.87922191619873,0,59.4175834655762,0.00319571606814861,47.7237739562988,491.064971923828,2648.27075195312,105.724945068359,3274.798828125,533.259948730469,173.937164306641,99,103.669494628906,158.834030151367,2.9716157913208,522,1312,790,911,1546.53735351562,2493.82104492188,3434.54516601562,2222.62939453125,0,0,0,0,14.0427875518799,8.98004722595215,56.7725563049316,44.0378456115723,35.1452369689941,66.2197113037109,5.43535804748535,14.5480766296387,22.3600120544434,8.77828598022461,0.348225086927414,0,0,0,0,0,0,0,0,0,1,0,0,0,0,0,0,0,292.200103759766,10000,0,c(150, 73, 172, 171, 172, 206, 206, 211, 222, 16, 73, 171, 206, 81, 206, 103, 229, 206, 229, 16, 229, 72, 206, 172, 229, 229, 206, 229, 206, 206, 103, 206, 229, 229, 73, 212, 206, 56, 56, 56, 56, 229, 150, 81, 81, 81, 81, 81, 81, 81, 81, 81, 81, 81, 178, 81, 73, 81, 212, 212, 212, 212, 106, 106, 106, 206, 53)
58.6973876953125,184.688461303711,2.34330701828003,26.8439025878906,324.289947509766,4.04157876968384,231.909530639648,1245.08044433594,2267.60717773438,384.28125,3332.34521484375,483.816711425781,89.0077590942383,107,123.564239501953,152.521697998047,90.6555252075195,75,75,0,12,1029.76330566406,2029.19372558594,2897.13818359375,1472.296875,0,0,0,9,8.55684661865234,64.3675231933594,76.1320953369141,70.6415405273438,70.6116943359375,83.8440704345703,-0.932327508926392,12.7683963775635,16.7139263153076,5.72294235229492,0.708008050918579,0,0,0,0,0,0,0,1,0,0,0,0,0,0,0,0,0,2.33991527557373,36055.51171875,0,c(150, 73, 172, 171, 172, 206, 206, 211, 222, 16, 73, 171, 206, 81, 206, 103, 229, 206, 229, 16, 229, 72, 206, 172, 229, 229, 206, 229, 206, 206, 103, 206, 229, 229, 73, 212, 206, 56, 56, 56, 56, 229, 150, 81, 81, 81, 81, 81, 81, 81, 81, 81, 81, 81, 178, 81, 73, 81, 212, 212, 212, 212, 106, 106, 106, 206, 53)
1.35367107391357,0,2.02316832542419,0,76.8437271118164,0,78.8435592651367,477.827758789062,1337.6494140625,181.705001831055,1908.89270019531,139.475692749023,34.9522590637207,78,77.668701171875,1560.30090332031,19.7245635986328,192,211,19,57,1221.85009765625,3132.0595703125,4198.00537109375,2743.15209960938,0,0,0,0,7.32800912857056,42.4856147766113,68.1337738037109,64.8012237548828,63.2543830871582,66.9290466308594,8.89468193054199,17.9942359924316,22.9366798400879,12.5203495025635,0.721915602684021,0,0,0,0,0,0,0,1,0,0,0,0,0,0,0,0,0,1.1228928565979,80622.578125,0,c(150, 73, 172, 171, 172, 206, 206, 211, 222, 16, 73, 171, 206, 81, 206, 103, 229, 206, 229, 16, 229, 72, 206, 172, 229, 229, 206, 229, 206, 206, 103, 206, 229, 229, 73, 212, 206, 56, 56, 56, 56, 229, 150, 81, 81, 81, 81, 81, 81, 81, 81, 81, 81, 81, 178, 81, 73, 81, 212, 212, 212, 212, 106, 106, 106, 206, 53)
215.562637329102,32.6908531188965,19.9174270629883,5.07837915420532,231.845031738281,0.388438850641251,64.4722442626953,823.608337402344,4889.15283203125,65.2645492553711,5632.67041015625,397.642547607422,338.428680419922,102,123.251770019531,538.987670898438,25.1307163238525,30,180,150,155,1047.03356933594,2621.02221679688,3336.5947265625,2063.89331054688,0,0,0,3,12.1632738113403,67.3696899414062,49.881420135498,46.5828971862793,50.8495407104492,74.8099060058594,2.28301525115967,17.9851207733154,21.1426010131836,7.45446157455444,0.467212200164795,0,0,0,0,0,0,0,0,0,0,0,0,1,0,0,0,0,345.565399169922,0,0,c(150, 73, 172, 171, 172, 206, 206, 211, 222, 16, 73, 171, 206, 81, 206, 103, 229, 206, 229, 16, 229, 72, 206, 172, 229, 229, 206, 229, 206, 206, 103, 206, 229, 229, 73, 212, 206, 56, 56, 56, 56, 229, 150, 81, 81, 81, 81, 81, 81, 81, 81, 81, 81, 81, 178, 81, 73, 81, 212, 212, 212, 212, 106, 106, 106, 206, 53)
332.49951171875,30.2667446136475,150.624130249023,165.410034179688,1013.73681640625,0.0569265186786652,322.667816162109,2787.27197265625,4415.8955078125,709.630737304688,5306.9560546875,553.782287597656,172.695755004883,109,188.802444458008,234.712738037109,40.070484161377,15,14,-1,0,2317.47387695312,3409.322265625,4273.53955078125,3004.25268554688,0,0,0,0,11.181715965271,27.6310691833496,53.7467231750488,41.2157745361328,41.8387069702148,68.5081939697266,9.13904857635498,19.5698642730713,25.2093124389648,13.1573085784912,0.506204664707184,0,0,0,0,0,0,0,0,1,0,0,0,0,0,0,0,0,16.4604301452637,0,0,c(150, 73, 172, 171, 172, 206, 206, 211, 222, 16, 73, 171, 206, 81, 206, 103, 229, 206, 229, 16, 229, 72, 206, 172, 229, 229, 206, 229, 206, 206, 103, 206, 229, 229, 73, 212, 206, 56, 56, 56, 56, 229, 150, 81, 81, 81, 81, 81, 81, 81, 81, 81, 81, 81, 178, 81, 73, 81, 212, 212, 212, 212, 106, 106, 106, 206, 53)
9.36983013153076,0.576664865016937,0.720229029655457,0,11.9045515060425,0.131536945700645,6.33379411697388,103.31795501709,880.073669433594,0.338580131530762,1596.74389648438,158.462814331055,32.4786224365234,72,53.434871673584,10012.2802734375,493.590881347656,358,695,337,337,531.734558105469,2030.57788085938,2867.16821289062,1577.22766113281,10,1,0,10,12.5694122314453,102.210113525391,64.8831176757812,59.0316047668457,65.5695114135742,76.8229904174805,-1.03438532352448,14.6417188644409,17.2928905487061,4.91061592102051,0.725332796573639,0,0,0,0,0,0,0,0,1,0,0,0,0,0,0,0,0,505.616485595703,42426.40625,0,c(150, 73, 172, 171, 172, 206, 206, 211, 222, 16, 73, 171, 206, 81, 206, 103, 229, 206, 229, 16, 229, 72, 206, 172, 229, 229, 206, 229, 206, 206, 103, 206, 229, 229, 73, 212, 206, 56, 56, 56, 56, 229, 150, 81, 81, 81, 81, 81, 81, 81, 81, 81, 81, 81, 178, 81, 73, 81, 212, 212, 212, 212, 106, 106, 106, 206, 53)
32.3552551269531,0,7.9130539894104,0.750242531299591,177.877914428711,0,67.4415817260742,569.830078125,2501.7158203125,278.430999755859,2956.1337890625,521.26318359375,51.8087043762207,78,60.5187911987305,1623.88623046875,16.2105731964111,421,423,2,9,2369.79443359375,3405.03759765625,4271.8173828125,3093.07275390625,0,0,0,0,9.44388580322266,67.23681640625,63.0386848449707,62.0180740356445,61.714542388916,67.3240814208984,10.3375692367554,18.3183441162109,25.1721439361572,14.2701921463013,0.289672553539276,0,0,0,0,0,0,0,0,0,0,0,0,1,0,0,0,0,1.05472195148468,134164.078125,0,c(150, 73, 172, 171, 172, 206, 206, 211, 222, 16, 73, 171, 206, 81, 206, 103, 229, 206, 229, 16, 229, 72, 206, 172, 229, 229, 206, 229, 206, 206, 103, 206, 229, 229, 73, 212, 206, 56, 56, 56, 56, 229, 150, 81, 81, 81, 81, 81, 81, 81, 81, 81, 81, 81, 178, 81, 73, 81, 212, 212, 212, 212, 106, 106, 106, 206, 53)
101.31681060791,0.188221350312233,8.04856395721436,0.0947085618972778,87.1310043334961,1.5195574760437,35.4429512023926,407.587097167969,3023.0517578125,0.0955274701118469,3538.90625,361.180847167969,140.795822143555,79,125.743789672852,8369.99609375,37.7849655151367,242,461,219,295,1207.01013183594,2468.51977539062,3240.8193359375,1934.23229980469,0,0,0,6,12.4096746444702,42.6931953430176,60.3425216674805,52.7454643249512,50.493034362793,73.0697937011719,2.46791291236877,16.1992378234863,19.5470886230469,7.0718092918396,0.547651052474976,0,0,0,0,0,0,0,0,0,0,0,0,1,0,0,0,0,435.283996582031,121655.25,0,c(150, 73, 172, 171, 172, 206, 206, 211, 222, 16, 73, 171, 206, 81, 206, 103, 229, 206, 229, 16, 229, 72, 206, 172, 229, 229, 206, 229, 206, 206, 103, 206, 229, 229, 73, 212, 206, 56, 56, 56, 56, 229, 150, 81, 81, 81, 81, 81, 81, 81, 81, 81, 81, 81, 178, 81, 73, 81, 212, 212, 212, 212, 106, 106, 106, 206, 53)
6.82551860809326,0,0.0513822175562382,0,8.53296947479248,0,2.10059547424316,404.268768310547,1846.96154785156,0,2909.1435546875,380.543792724609,151.305328369141,92,78.200309753418,1793.07336425781,3.28128719329834,260,1164,904,970,1502.21459960938,2475.41943359375,3389.43969726562,2182.04711914062,0,0,0,0,15.3551549911499,21.2719058990479,50.7435150146484,32.3099250793457,27.0892581939697,58.012767791748,5.62576341629028,14.8290157318115,22.6737537384033,8.97963428497314,0.351125180721283,0,0,0,0,0,0,0,0,0,0,0,1,0,0,0,0,0,180.555618286133,44721.359375,0,c(150, 73, 172, 171, 172, 206, 206, 211, 222, 16, 73, 171, 206, 81, 206, 103, 229, 206, 229, 16, 229, 72, 206, 172, 229, 229, 206, 229, 206, 206, 103, 206, 229, 229, 73, 212, 206, 56, 56, 56, 56, 229, 150, 81, 81, 81, 81, 81, 81, 81, 81, 81, 81, 81, 178, 81, 73, 81, 212, 212, 212, 212, 106, 106, 106, 206, 53)
83.2702102661133,18.7440719604492,8.05659103393555,502.976867675781,1040.20288085938,7.59315156936646,394.944000244141,3487.0888671875,4926.78466796875,1343.83996582031,6573.54931640625,362.225494384766,263.139404296875,88,296.845397949219,1296.43383789062,23.5920925140381,70,71,1,5,1582.33361816406,2206.01904296875,3208.18603515625,1808.88635253906,0,0,0,0,8.65625476837158,60.3621559143066,75.562370300293,69.2793960571289,68.2007522583008,78.581184387207,4.56032752990723,12.0141410827637,14.8321828842163,8.43712520599365,0.54113233089447,0,0,0,0,0,0,0,0,0,0,0,1,0,0,0,0,0,6.38103532791138,76157.734375,0,c(150, 73, 172, 171, 172, 206, 206, 211, 222, 16, 73, 171, 206, 81, 206, 103, 229, 206, 229, 16, 229, 72, 206, 172, 229, 229, 206, 229, 206, 206, 103, 206, 229, 229, 73, 212, 206, 56, 56, 56, 56, 229, 150, 81, 81, 81, 81, 81, 81, 81, 81, 81, 81, 81, 178, 81, 73, 81, 212, 212, 212, 212, 106, 106, 106, 206, 53)
201.718612670898,170.131591796875,4.3041615486145,0.277198284864426,565.887573242188,122.401336669922,295.68212890625,1634.86193847656,5680.72607421875,638.946655273438,6534.93603515625,1027.81823730469,167.413162231445,76,306.310821533203,16377.1865234375,165.981246948242,94,92,-2,16,1521.77844238281,2226.56079101562,3141.63549804688,1846.1787109375,0,0,0,1,9.64787483215332,46.8766975402832,73.2633438110352,61.2822151184082,59.4206466674805,79.8779220581055,3.64371919631958,12.3248634338379,16.0054512023926,8.07384777069092,0.482748240232468,0,0,0,0,0,0,0,0,0,0,0,0,1,0,0,0,0,44.4142265319824,94868.328125,0,c(150, 73, 172, 171, 172, 206, 206, 211, 222, 16, 73, 171, 206, 81, 206, 103, 229, 206, 229, 16, 229, 72, 206, 172, 229, 229, 206, 229, 206, 206, 103, 206, 229, 229, 73, 212, 206, 56, 56, 56, 56, 229, 150, 81, 81, 81, 81, 81, 81, 81, 81, 81, 81, 81, 178, 81, 73, 81, 212, 212, 212, 212, 106, 106, 106, 206, 53)
117.967330932617,0.0202873945236206,27.3194160461426,0.0977370887994766,155.725601196289,0.0691995769739151,63.733757019043,892.235717773438,2303.7705078125,1.83088088035583,2763.00830078125,456.3876953125,141.510925292969,93,117.739402770996,439.156829833984,0.834477722644806,346,704,358,533,2271.04345703125,3157.74633789062,4125.71337890625,2926.35083007812,0,0,0,0,15.8348255157471,8.28708744049072,56.9925689697266,38.2107353210449,28.5816879272461,62.1500816345215,9.02749824523926,17.6202621459961,25.4627819061279,12.4571027755737,0.307996779680252,0,0,0,0,0,0,0,0,0,1,0,0,0,0,0,0,0,251.831970214844,50000,0,c(150, 73, 172, 171, 172, 206, 206, 211, 222, 16, 73, 171, 206, 81, 206, 103, 229, 206, 229, 16, 229, 72, 206, 172, 229, 229, 206, 229, 206, 206, 103, 206, 229, 229, 73, 212, 206, 56, 56, 56, 56, 229, 150, 81, 81, 81, 81, 81, 81, 81, 81, 81, 81, 81, 178, 81, 73, 81, 212, 212, 212, 212, 106, 106, 106, 206, 53)
34.1163177490234,1.70856249332428,0.446811109781265,1.7884533405304,107.37329864502,3.82593607902527,60.8408203125,414.184600830078,3229.55200195312,156.115707397461,3939.04467773438,396.374389648438,87.182373046875,71,226.749374389648,1742.92077636719,108.115142822266,233,247,14,156,1623.54516601562,2292.861328125,3305.97729492188,1829.06066894531,0,0,0,1,7.47809982299805,76.1869506835938,77.0538024902344,67.7360763549805,67.3157348632812,83.7229232788086,4.52348041534424,12.6009664535522,15.837161064148,9.15073871612549,0.779391765594482,0,0,0,0,0,0,0,0,0,1,0,0,0,0,0,0,0,14.7445468902588,60000,0,c(150, 73, 172, 171, 172, 206, 206, 211, 222, 16, 73, 171, 206, 81, 206, 103, 229, 206, 229, 16, 229, 72, 206, 172, 229, 229, 206, 229, 206, 206, 103, 206, 229, 229, 73, 212, 206, 56, 56, 56, 56, 229, 150, 81, 81, 81, 81, 81, 81, 81, 81, 81, 81, 81, 178, 81, 73, 81, 212, 212, 212, 212, 106, 106, 106, 206, 53)
0,0,0,0,1.67291224002838,0.375898659229279,1.75317561626434,35.5175514221191,370.024658203125,0,637.387878417969,90.8520050048828,11.6093845367432,53,51.2563400268555,518.246032714844,16.0764484405518,1991,2541,550,1795,333.357757568359,1509.43530273438,2127.93090820312,1012.97607421875,16,1,0,11,10.8905658721924,156.906051635742,50.0325698852539,57.8803596496582,60.8949356079102,67.7074584960938,-3.30877447128296,9.88616943359375,13.6636552810669,2.07169985771179,0.717753410339355,0,0,0,0,0,0,0,1,0,0,0,0,0,0,0,0,0,121.228370666504,70710.6796875,0,c(150, 73, 172, 171, 172, 206, 206, 211, 222, 16, 73, 171, 206, 81, 206, 103, 229, 206, 229, 16, 229, 72, 206, 172, 229, 229, 206, 229, 206, 206, 103, 206, 229, 229, 73, 212, 206, 56, 56, 56, 56, 229, 150, 81, 81, 81, 81, 81, 81, 81, 81, 81, 81, 81, 178, 81, 73, 81, 212, 212, 212, 212, 106, 106, 106, 206, 53)
77.1780853271484,47.5908164978027,2.02914023399353,37.4402656555176,611.698425292969,25.239990234375,136.110336303711,1734.22314453125,7386.69384765625,570.790161132812,8657.712890625,1050.45629882812,231.059860229492,99,427.044799804688,30885.24609375,372.877197265625,185,191,6,170,1720.9130859375,2521.35693359375,3419.2763671875,2057.970703125,0,0,0,0,10.4122247695923,43.2560997009277,74.364143371582,61.5153961181641,56.8285331726074,81.1610260009766,5.52478265762329,13.5873880386353,17.5822944641113,8.87689685821533,0.516857981681824,0,0,0,0,0,0,0,0,0,1,0,0,0,0,0,0,0,9.10249519348145,14142.1357421875,0,c(150, 73, 172, 171, 172, 206, 206, 211, 222, 16, 73, 171, 206, 81, 206, 103, 229, 206, 229, 16, 229, 72, 206, 172, 229, 229, 206, 229, 206, 206, 103, 206, 229, 229, 73, 212, 206, 56, 56, 56, 56, 229, 150, 81, 81, 81, 81, 81, 81, 81, 81, 81, 81, 81, 178, 81, 73, 81, 212, 212, 212, 212, 106, 106, 106, 206, 53)
134.450744628906,0,0,0,136.378128051758,13.8064584732056,46.4435882568359,346.419525146484,560.215454101562,1.34798157215118,1428.23449707031,264.788055419922,15.5388345718384,59,17.840425491333,1.6288115978241,65.617561340332,44,244,200,216,187.546768188477,1133.5322265625,2113.86572265625,453.249725341797,70,8,0,54,10.4826231002808,71.0549621582031,78.5540390014648,58.6214942932129,73.1152038574219,88.037483215332,-12.8569526672363,5.62033271789551,12.3857803344727,-4.13814687728882,0.722441136837006,0,0,0,0,0,0,0,0,1,0,0,0,0,0,0,0,0,239.347534179688,36055.51171875,0,c(150, 73, 172, 171, 172, 206, 206, 211, 222, 16, 73, 171, 206, 81, 206, 103, 229, 206, 229, 16, 229, 72, 206, 172, 229, 229, 206, 229, 206, 206, 103, 206, 229, 229, 73, 212, 206, 56, 56, 56, 56, 229, 150, 81, 81, 81, 81, 81, 81, 81, 81, 81, 81, 81, 178, 81, 73, 81, 212, 212, 212, 212, 106, 106, 106, 206, 53)
8.5486011505127,0.0094442330300808,2.42535352706909,0.244807705283165,76.7629318237305,0,121.407104492188,413.233795166016,1540.44482421875,213.171157836914,2041.24499511719,154.568908691406,96.7358856201172,73,95.0236511230469,28012.494140625,2.23426842689514,484,486,2,21,2207.40576171875,3070.43896484375,4057.99829101562,2788.91674804688,0,0,0,0,10.1701488494873,61.6192893981934,70.3551864624023,68.3412322998047,63.0323867797852,66.9307632446289,9.08431816101074,15.5947570800781,20.8046131134033,12.8565702438354,0.74127608537674,0,1,0,0,0,0,0,0,0,0,0,0,0,0,0,0,0,7.37600040435791,122065.5546875,0,c(150, 73, 172, 171, 172, 206, 206, 211, 222, 16, 73, 171, 206, 81, 206, 103, 229, 206, 229, 16, 229, 72, 206, 172, 229, 229, 206, 229, 206, 206, 103, 206, 229, 229, 73, 212, 206, 56, 56, 56, 56, 229, 150, 81, 81, 81, 81, 81, 81, 81, 81, 81, 81, 81, 178, 81, 73, 81, 212, 212, 212, 212, 106, 106, 106, 206, 53)
0,0,0.0787246152758598,0,1.85127830505371,0,1.42174935340881,119.409225463867,1847.96984863281,0,2501.70166015625,264.184356689453,26.0800590515137,69,72.8140716552734,3629.841796875,319.544097900391,547,802,255,567,1982.08447265625,2752.10815429688,3798.736328125,2551.896484375,0,0,0,0,11.5939521789551,13.0934686660767,64.3968734741211,51.9403419494629,42.3504257202148,74.1279678344727,7.42596435546875,14.1273412704468,20.0474319458008,10.5372371673584,0.531666874885559,0,0,0,0,0,0,0,0,1,0,0,0,0,0,0,0,0,80.2238616943359,111803.3984375,0,c(150, 73, 172, 171, 172, 206, 206, 211, 222, 16, 73, 171, 206, 81, 206, 103, 229, 206, 229, 16, 229, 72, 206, 172, 229, 229, 206, 229, 206, 206, 103, 206, 229, 229, 73, 212, 206, 56, 56, 56, 56, 229, 150, 81, 81, 81, 81, 81, 81, 81, 81, 81, 81, 81, 178, 81, 73, 81, 212, 212, 212, 212, 106, 106, 106, 206, 53)
141.30339050293,10.5862703323364,1.26913189888,0,364.111785888672,73.880744934082,227.714172363281,1037.48522949219,4777.681640625,416.530212402344,5372.98974609375,779.537048339844,112.727569580078,74,311.322814941406,12391.294921875,30.1336536407471,91,121,30,62,1414.05688476562,2113.58740234375,3079.083984375,1712.60034179688,0,0,0,2,8.36288070678711,62.1469879150391,76.2217025756836,64.4749908447266,66.0125274658203,82.7929306030273,4.11015510559082,12.8978748321533,16.0491733551025,8.38957118988037,0.569571733474731,0,0,0,0,0,0,0,0,0,0,0,0,1,0,0,0,0,38.746524810791,50000,0,c(150, 73, 172, 171, 172, 206, 206, 211, 222, 16, 73, 171, 206, 81, 206, 103, 229, 206, 229, 16, 229, 72, 206, 172, 229, 229, 206, 229, 206, 206, 103, 206, 229, 229, 73, 212, 206, 56, 56, 56, 56, 229, 150, 81, 81, 81, 81, 81, 81, 81, 81, 81, 81, 81, 178, 81, 73, 81, 212, 212, 212, 212, 106, 106, 106, 206, 53)
88.2816009521484,16.517765045166,2.47157311439514,399.584899902344,1380.62243652344,10.0116701126099,388.092620849609,4134.8173828125,4368.6865234375,1248.23425292969,6958.46826171875,374.525665283203,178.794998168945,93,309.939178466797,19797.517578125,65.2945098876953,246,251,5,6,1320.76647949219,2024.84619140625,2992.16137695312,1614.79064941406,0,0,0,2,7.5813946723938,113.817153930664,76.8151321411133,68.8174514770508,71.3010406494141,82.7104034423828,3.14213156700134,11.6432638168335,14.5913152694702,7.43887853622437,0.776508212089539,0,0,0,0,0,0,0,0,1,0,0,0,0,0,0,0,0,5.87197542190552,0,0,c(150, 73, 172, 171, 172, 206, 206, 211, 222, 16, 73, 171, 206, 81, 206, 103, 229, 206, 229, 16, 229, 72, 206, 172, 229, 229, 206, 229, 206, 206, 103, 206, 229, 229, 73, 212, 206, 56, 56, 56, 56, 229, 150, 81, 81, 81, 81, 81, 81, 81, 81, 81, 81, 81, 178, 81, 73, 81, 212, 212, 212, 212, 106, 106, 106, 206, 53)
79.6195297241211,0.401035308837891,1.80995678901672,0.040236234664917,76.9193496704102,0,30.3563022613525,723.876892089844,3453.69091796875,11.7142086029053,3270.189453125,838.209289550781,159.102981567383,91,180.172225952148,950.11376953125,2.07913374900818,326,1391,1065,1084,1402.1484375,2325.71362304688,3288.6650390625,2094.64038085938,0,0,0,0,13.5001287460327,9.07958984375,61.3553199768066,44.0176696777344,33.020092010498,68.1231079101562,3.89113879203796,12.6385698318481,20.3667964935303,7.1687593460083,0.317815005779266,0,0,0,0,0,0,0,0,0,1,0,0,0,0,0,0,0,309.556213378906,20000,0,c(150, 73, 172, 171, 172, 206, 206, 211, 222, 16, 73, 171, 206, 81, 206, 103, 229, 206, 229, 16, 229, 72, 206, 172, 229, 229, 206, 229, 206, 206, 103, 206, 229, 229, 73, 212, 206, 56, 56, 56, 56, 229, 150, 81, 81, 81, 81, 81, 81, 81, 81, 81, 81, 81, 178, 81, 73, 81, 212, 212, 212, 212, 106, 106, 106, 206, 53)
422.553680419922,298.198394775391,9.29112243652344,14.3131065368652,942.096435546875,75.5807113647461,372.818786621094,2649.95825195312,8299.4072265625,923.293640136719,9607.904296875,1294.41442871094,347.321258544922,93,496.415252685547,98980.8671875,3512.76635742188,24,22,-2,-2,1661.78137207031,2437.50561523438,3318.28881835938,2004.32177734375,0,0,0,0,10.505389213562,42.7998352050781,71.5921249389648,58.2407341003418,55.1478004455566,79.9068832397461,5.44315910339355,13.541464805603,17.3650703430176,8.93148803710938,0.533412635326385,0,0,0,0,0,0,0,0,1,0,0,0,0,0,0,0,0,37.0533447265625,40000,0,c(150, 73, 172, 171, 172, 206, 206, 211, 222, 16, 73, 171, 206, 81, 206, 103, 229, 206, 229, 16, 229, 72, 206, 172, 229, 229, 206, 229, 206, 206, 103, 206, 229, 229, 73, 212, 206, 56, 56, 56, 56, 229, 150, 81, 81, 81, 81, 81, 81, 81, 81, 81, 81, 81, 178, 81, 73, 81, 212, 212, 212, 212, 106, 106, 106, 206, 53)
0,0,0,0,4.23683023452759,0,3.93462324142456,183.80842590332,1204.30078125,0,1991.64172363281,105.547096252441,131.900039672852,65,61.7668609619141,443.442535400391,0.53946977853775,895,1162,267,326,1544.21813964844,2310.11962890625,3363.9140625,2120.78833007812,0,0,0,0,10.7423639297485,40.0418128967285,62.012882232666,69.8573303222656,69.6831893920898,68.1345138549805,5.90055227279663,13.1120281219482,18.7679862976074,9.28885650634766,0.791575193405151,0,0,0,0,0,0,0,1,0,0,0,0,0,0,0,0,0,41.2381248474121,142126.703125,0,c(150, 73, 172, 171, 172, 206, 206, 211, 222, 16, 73, 171, 206, 81, 206, 103, 229, 206, 229, 16, 229, 72, 206, 172, 229, 229, 206, 229, 206, 206, 103, 206, 229, 229, 73, 212, 206, 56, 56, 56, 56, 229, 150, 81, 81, 81, 81, 81, 81, 81, 81, 81, 81, 81, 178, 81, 73, 81, 212, 212, 212, 212, 106, 106, 106, 206, 53)
109.608543395996,0,41.8877029418945,4.08141899108887,168.603530883789,0.702756643295288,56.951114654541,1011.14477539062,2745.68823242188,15.6329746246338,3502.9287109375,668.590454101562,145.427658081055,104,156.620468139648,48669.87109375,3.15475225448608,123,382,259,267,2011.11059570312,2934.87158203125,3867.2880859375,2614.62426757812,0,0,0,0,13.5775327682495,28.2071552276611,58.8482398986816,36.7677841186523,33.8876075744629,61.653938293457,8.07437038421631,16.896167755127,23.6511459350586,11.684100151062,0.384358316659927,0,0,0,0,0,0,0,0,0,0,0,1,0,0,0,0,0,128.028472900391,14142.1357421875,0,c(150, 73, 172, 171, 172, 206, 206, 211, 222, 16, 73, 171, 206, 81, 206, 103, 229, 206, 229, 16, 229, 72, 206, 172, 229, 229, 206, 229, 206, 206, 103, 206, 229, 229, 73, 212, 206, 56, 56, 56, 56, 229, 150, 81, 81, 81, 81, 81, 81, 81, 81, 81, 81, 81, 178, 81, 73, 81, 212, 212, 212, 212, 106, 106, 106, 206, 53)
56.8135375976562,9.11418628692627,2.15786743164062,0.0139803774654865,79.7106475830078,3.01229071617126,40.1439781188965,405.019287109375,2972.0029296875,64.5966644287109,3689.09252929688,262.430236816406,121.472358703613,62,214.68994140625,718.262512207031,13.5787677764893,322,328,6,88,1503.72827148438,2134.94580078125,3142.12475585938,1720.89172363281,0,0,0,0,8.66407299041748,61.1789131164551,76.729248046875,70.0867004394531,69.0263671875,79.8817825317383,4.31355571746826,11.7555723190308,14.6266860961914,8.12334442138672,0.564487993717194,0,0,0,0,0,0,0,0,0,0,0,0,1,0,0,0,0,7.17694997787476,92195.4453125,0,c(150, 73, 172, 171, 172, 206, 206, 211, 222, 16, 73, 171, 206, 81, 206, 103, 229, 206, 229, 16, 229, 72, 206, 172, 229, 229, 206, 229, 206, 206, 103, 206, 229, 229, 73, 212, 206, 56, 56, 56, 56, 229, 150, 81, 81, 81, 81, 81, 81, 81, 81, 81, 81, 81, 178, 81, 73, 81, 212, 212, 212, 212, 106, 106, 106, 206, 53)
18.6911392211914,0,0.70166540145874,0,24.9419975280762,0.799467265605927,11.9908466339111,362.454681396484,2001.99291992188,3.96345090866089,3002.31103515625,314.820495605469,179.282318115234,88,82.9022216796875,5293.91845703125,2.47558259963989,438,858,420,453,1748.556640625,2669.06494140625,3608.18139648438,2330.37109375,0,0,0,0,12.5825996398926,47.9004516601562,66.6292495727539,54.0443000793457,47.8245658874512,65.128044128418,6.03443098068237,13.9915933609009,21.5751724243164,10.7262201309204,0.438339740037918,0,0,0,0,0,0,0,0,0,0,0,0,1,0,0,0,0,59.7100982666016,20000,0,c(150, 73, 172, 171, 172, 206, 206, 211, 222, 16, 73, 171, 206, 81, 206, 103, 229, 206, 229, 16, 229, 72, 206, 172, 229, 229, 206, 229, 206, 206, 103, 206, 229, 229, 73, 212, 206, 56, 56, 56, 56, 229, 150, 81, 81, 81, 81, 81, 81, 81, 81, 81, 81, 81, 178, 81, 73, 81, 212, 212, 212, 212, 106, 106, 106, 206, 53)
267.329010009766,64.0574188232422,3.94470834732056,0.0129636796191335,712.97119140625,187.801071166992,401.791351318359,1838.37060546875,5959.2119140625,685.209777832031,6691.677734375,1239.4248046875,151.587814331055,74,273.688659667969,9068.96875,50.2849807739258,26,43,17,22,1501.07214355469,2188.94799804688,3159.71459960938,1790.97998046875,0,0,0,1,8.40230941772461,65.105712890625,74.7723007202148,63.1614761352539,64.545768737793,81.5004196166992,4.14956426620483,12.8825607299805,16.0376129150391,8.49493503570557,0.597318291664124,0,0,0,0,0,0,0,0,0,1,0,0,0,0,0,0,0,21.6471080780029,31622.77734375,0,c(150, 73, 172, 171, 172, 206, 206, 211, 222, 16, 73, 171, 206, 81, 206, 103, 229, 206, 229, 16, 229, 72, 206, 172, 229, 229, 206, 229, 206, 206, 103, 206, 229, 229, 73, 212, 206, 56, 56, 56, 56, 229, 150, 81, 81, 81, 81, 81, 81, 81, 81, 81, 81, 81, 178, 81, 73, 81, 212, 212, 212, 212, 106, 106, 106, 206, 53)
65.0932998657227,14.4636945724487,0.921689093112946,0,281.533081054688,19.6297702789307,284.925842285156,1045.11706542969,5222.10986328125,657.770080566406,5918.349609375,670.039428710938,170.623794555664,71,420.3935546875,54839.54296875,63.3894996643066,182,210,28,131,1599.30883789062,2294.64575195312,3251.6533203125,1860.28491210938,0,0,0,2,9.45617485046387,61.9264869689941,75.3696060180664,62.378662109375,59.3194198608398,80.8989105224609,3.95750737190247,11.8739938735962,15.2947015762329,7.98937129974365,0.615651249885559,0,0,0,0,1,0,0,0,0,0,0,0,0,0,0,0,0,68.6526184082031,80622.578125,0,c(150, 73, 172, 171, 172, 206, 206, 211, 222, 16, 73, 171, 206, 81, 206, 103, 229, 206, 229, 16, 229, 72, 206, 172, 229, 229, 206, 229, 206, 206, 103, 206, 229, 229, 73, 212, 206, 56, 56, 56, 56, 229, 150, 81, 81, 81, 81, 81, 81, 81, 81, 81, 81, 81, 178, 81, 73, 81, 212, 212, 212, 212, 106, 106, 106, 206, 53)
21.728816986084,1.23413002490997,8.69606781005859,0.00544723542407155,55.6770935058594,1.88842701911926,37.6832580566406,647.630249023438,4557.48095703125,65.7192306518555,5174.01123046875,617.716613769531,244.546264648438,82,230.251708984375,2304.13623046875,70.1664199829102,96,177,81,90,1706.18835449219,2726.66650390625,3555.80737304688,2152.16552734375,0,0,0,3,13.6788759231567,41.6297302246094,70.5321044921875,55.4180221557617,47.2203140258789,77.1402969360352,5.06311368942261,15.9562940597534,20.1032295227051,8.82161140441895,0.418363928794861,0,0,0,0,0,0,0,0,0,0,0,1,0,0,0,0,0,243.619613647461,44721.359375,0,c(150, 73, 172, 171, 172, 206, 206, 211, 222, 16, 73, 171, 206, 81, 206, 103, 229, 206, 229, 16, 229, 72, 206, 172, 229, 229, 206, 229, 206, 206, 103, 206, 229, 229, 73, 212, 206, 56, 56, 56, 56, 229, 150, 81, 81, 81, 81, 81, 81, 81, 81, 81, 81, 81, 178, 81, 73, 81, 212, 212, 212, 212, 106, 106, 106, 206, 53)
63.1078643798828,7.19085597991943,5.84999322891235,0.427575647830963,79.5596389770508,7.7290186882019,38.6913185119629,372.315032958984,2197.06567382812,18.4649982452393,2555.31030273438,286.192779541016,113.098075866699,77,119.271842956543,13424.0107421875,13.1167907714844,323,665,342,418,1144.09655761719,2434.06787109375,3149.21118164062,1878.92919921875,0,0,0,5,12.0481023788452,60.3594703674316,60.9311332702637,53.8753776550293,51.2815017700195,77.3207397460938,2.18120741844177,15.9726629257202,19.4880905151367,6.66021537780762,0.654238939285278,0,0,0,1,0,0,0,0,0,0,0,0,0,0,0,0,0,346.023376464844,30000,0,c(150, 73, 172, 171, 172, 206, 206, 211, 222, 16, 73, 171, 206, 81, 206, 103, 229, 206, 229, 16, 229, 72, 206, 172, 229, 229, 206, 229, 206, 206, 103, 206, 229, 229, 73, 212, 206, 56, 56, 56, 56, 229, 150, 81, 81, 81, 81, 81, 81, 81, 81, 81, 81, 81, 178, 81, 73, 81, 212, 212, 212, 212, 106, 106, 106, 206, 53)
21.4955673217773,0,0.414167702198029,0,23.6326885223389,0,6.37533569335938,572.722412109375,1890.62084960938,0.0359573252499104,3104.80004882812,387.525054931641,219.442031860352,93,142.42431640625,18083.01953125,2.03377890586853,186,1018,832,905,1462.19946289062,2332.03247070312,3303.64624023438,2034.26342773438,0,0,0,0,15.4565515518188,15.7805662155151,58.5348739624023,41.2671241760254,29.5239353179932,62.8750343322754,4.8470983505249,13.9742202758789,21.0421581268311,8.23513793945312,0.320107847452164,0,0,0,0,0,0,0,0,0,1,0,0,0,0,0,0,0,151.613632202148,145602.203125,0,c(150, 73, 172, 171, 172, 206, 206, 211, 222, 16, 73, 171, 206, 81, 206, 103, 229, 206, 229, 16, 229, 72, 206, 172, 229, 229, 206, 229, 206, 206, 103, 206, 229, 229, 73, 212, 206, 56, 56, 56, 56, 229, 150, 81, 81, 81, 81, 81, 81, 81, 81, 81, 81, 81, 178, 81, 73, 81, 212, 212, 212, 212, 106, 106, 106, 206, 53)
556.162475585938,887.347412109375,12.3299655914307,123.318626403809,960.392944335938,29.4415245056152,145.505523681641,3335.82739257812,6273.3505859375,502.247955322266,7799.39599609375,1356.53686523438,270.899108886719,122,241.069549560547,15866.6845703125,1.98235034942627,53,53,0,3,1161.91235351562,2085.79223632812,2968.94677734375,1580.3369140625,0,0,0,10,9.42444133758545,55.3124160766602,71.2133941650391,59.7429504394531,65.9161376953125,82.3104782104492,0.0372798033058643,12.9113006591797,16.6569786071777,6.35454273223877,0.593627572059631,0,0,0,0,0,0,0,0,0,0,0,0,1,0,0,0,0,8.09880352020264,50990.1953125,1,c(150, 73, 172, 171, 172, 206, 206, 211, 222, 16, 73, 171, 206, 81, 206, 103, 229, 206, 229, 16, 229, 72, 206, 172, 229, 229, 206, 229, 206, 206, 103, 206, 229, 229, 73, 212, 206, 56, 56, 56, 56, 229, 150, 81, 81, 81, 81, 81, 81, 81, 81, 81, 81, 81, 178, 81, 73, 81, 212, 212, 212, 212, 106, 106, 106, 206, 53)
390.543853759766,1172.72277832031,13.2308616638184,73.0165786743164,1019.05126953125,134.483215332031,344.889404296875,3720.87841796875,6985.7705078125,592.073120117188,8478.58203125,1569.07543945312,268.433471679688,104,240.341720581055,297.210662841797,17.9788379669189,23,20,-3,4,1200.38366699219,2187.87475585938,3081.609375,1727.71545410156,0,0,0,5,7.21817636489868,42.8970146179199,78.6549911499023,70.4036636352539,67.5340194702148,82.8991394042969,0.547459006309509,14.1515159606934,18.4486808776855,7.5933346748352,0.471738666296005,0,0,0,0,0,0,0,0,0,1,0,0,0,0,0,0,0,1.4345440864563,40000,1,c(150, 73, 172, 171, 172, 206, 206, 211, 222, 16, 73, 171, 206, 81, 206, 103, 229, 206, 229, 16, 229, 72, 206, 172, 229, 229, 206, 229, 206, 206, 103, 206, 229, 229, 73, 212, 206, 56, 56, 56, 56, 229, 150, 81, 81, 81, 81, 81, 81, 81, 81, 81, 81, 81, 178, 81, 73, 81, 212, 212, 212, 212, 106, 106, 106, 206, 53)
390.543853759766,1172.72277832031,13.2308616638184,73.0165786743164,1019.05126953125,134.483215332031,344.889404296875,3720.87841796875,6985.7705078125,592.073120117188,8478.58203125,1569.07543945312,268.433471679688,104,240.341720581055,1693.74426269531,16.5786170959473,37,35,-2,14,1194.82897949219,2194.96240234375,3085.51831054688,1733.65954589844,0,0,0,3,7.18769359588623,43.1156806945801,77.2758178710938,68.0565872192383,65.7577285766602,82.6974411010742,0.495733618736267,14.2432250976562,18.5453681945801,7.44486856460571,0.46965965628624,0,0,0,0,0,0,0,0,0,0,0,1,0,0,0,0,0,5.65721225738525,50990.1953125,1,c(150, 73, 172, 171, 172, 206, 206, 211, 222, 16, 73, 171, 206, 81, 206, 103, 229, 206, 229, 16, 229, 72, 206, 172, 229, 229, 206, 229, 206, 206, 103, 206, 229, 229, 73, 212, 206, 56, 56, 56, 56, 229, 150, 81, 81, 81, 81, 81, 81, 81, 81, 81, 81, 81, 178, 81, 73, 81, 212, 212, 212, 212, 106, 106, 106, 206, 53)
944.248962402344,4463.23046875,20.9876098632812,170.721160888672,4080.85791015625,656.128723144531,936.436645507812,9795.076171875,12587.00390625,1219.35900878906,15121.1767578125,4556.10986328125,443.303741455078,107,281.112670898438,1165.88427734375,16.8712978363037,19,19,0,6,1222.42443847656,2233.67431640625,3121.92749023438,1779.47631835938,0,0,0,2,7.16051054000854,40.085823059082,78.0900955200195,65.2916030883789,64.8096160888672,81.1736755371094,1.01319217681885,14.1186857223511,18.5099430084229,7.49348211288452,0.491574019193649,0,0,0,0,0,0,0,0,0,0,0,1,0,0,0,0,0,1.82409012317657,90553.8515625,1,c(150, 73, 172, 171, 172, 206, 206, 211, 222, 16, 73, 171, 206, 81, 206, 103, 229, 206, 229, 16, 229, 72, 206, 172, 229, 229, 206, 229, 206, 206, 103, 206, 229, 229, 73, 212, 206, 56, 56, 56, 56, 229, 150, 81, 81, 81, 81, 81, 81, 81, 81, 81, 81, 81, 178, 81, 73, 81, 212, 212, 212, 212, 106, 106, 106, 206, 53)
236.532485961914,229.657165527344,5.41569805145264,691.366516113281,899.96337890625,47.6749610900879,355.022521972656,3193.92626953125,8608.5263671875,1120.02136230469,9898.33203125,1082.66748046875,317.405426025391,109,517.606811523438,123599.453125,4112.84619140625,21,18,-3,-1,1637.95056152344,2439.88330078125,3312.79516601562,2037.37866210938,0,0,0,0,8.9537410736084,42.6118927001953,76.7184295654297,67.9890518188477,65.5245208740234,79.6051940917969,5.81321620941162,13.2215957641602,17.291015625,9.29322338104248,0.532481074333191,0,0,0,0,0,0,0,0,1,0,0,0,0,0,0,0,0,4.1139554977417,82462.109375,1,c(150, 73, 172, 171, 172, 206, 206, 211, 222, 16, 73, 171, 206, 81, 206, 103, 229, 206, 229, 16, 229, 72, 206, 172, 229, 229, 206, 229, 206, 206, 103, 206, 229, 229, 73, 212, 206, 56, 56, 56, 56, 229, 150, 81, 81, 81, 81, 81, 81, 81, 81, 81, 81, 81, 178, 81, 73, 81, 212, 212, 212, 212, 106, 106, 106, 206, 53)
422.322570800781,683.406860351562,37.2502555847168,11.6970911026001,964.336120605469,192.364013671875,393.414916992188,2913.74438476562,5409.47119140625,445.901763916016,6335.24169921875,1235.97802734375,187.233779907227,104,243.268829345703,31826.1953125,4031.5947265625,35,30,-5,-3,1585.93444824219,2485.42504882812,3345.90063476562,2048.24536132812,0,0,0,2,11.0354146957397,58.1896018981934,71.0452499389648,59.6581573486328,57.840160369873,79.5837936401367,4.80534172058105,14.5359497070312,18.099250793457,8.4919605255127,0.623125731945038,0,0,0,0,1,0,0,0,0,0,0,0,0,0,0,0,0,46.5681076049805,14142.1357421875,1,c(150, 73, 172, 171, 172, 206, 206, 211, 222, 16, 73, 171, 206, 81, 206, 103, 229, 206, 229, 16, 229, 72, 206, 172, 229, 229, 206, 229, 206, 206, 103, 206, 229, 229, 73, 212, 206, 56, 56, 56, 56, 229, 150, 81, 81, 81, 81, 81, 81, 81, 81, 81, 81, 81, 178, 81, 73, 81, 212, 212, 212, 212, 106, 106, 106, 206, 53)
200.467758178711,317.266357421875,29.1858768463135,5.33917045593262,348.259124755859,19.2310085296631,76.118408203125,1445.19799804688,5044.22705078125,81.6019058227539,6237.2578125,634.250732421875,366.916442871094,121,139.977523803711,67333.3046875,278.42822265625,65,143,78,79,1151.86169433594,2386.69799804688,3237.6171875,1930.98474121094,1,0,0,9,12.5491371154785,38.290225982666,64.5022277832031,48.0687828063965,50.8486404418945,74.2162475585938,1.15921330451965,16.569185256958,20.15625,7.12812662124634,0.525951981544495,0,0,0,0,0,0,0,0,0,0,0,1,0,0,0,0,0,252.712326049805,67082.0390625,1,c(150, 73, 172, 171, 172, 206, 206, 211, 222, 16, 73, 171, 206, 81, 206, 103, 229, 206, 229, 16, 229, 72, 206, 172, 229, 229, 206, 229, 206, 206, 103, 206, 229, 229, 73, 212, 206, 56, 56, 56, 56, 229, 150, 81, 81, 81, 81, 81, 81, 81, 81, 81, 81, 81, 178, 81, 73, 81, 212, 212, 212, 212, 106, 106, 106, 206, 53)
100.999992370605,34.8252487182617,11.2357234954834,0.638557493686676,113.529937744141,8.35838794708252,35.9481735229492,717.001892089844,3897.16284179688,13.5960445404053,4959.69482421875,415.487518310547,256.697814941406,92,172.461135864258,6051.2265625,15.5333852767944,163,241,78,212,1149.42517089844,2334.607421875,3174.29516601562,1887.65380859375,0,0,0,10,12.7002029418945,40.3783149719238,65.7798843383789,48.4102096557617,48.6680488586426,74.2574920654297,1.28607070446014,15.6134777069092,19.2933311462402,7.17400741577148,0.437843054533005,0,0,0,0,0,0,0,0,0,0,0,1,0,0,0,0,0,269.248291015625,78102.5,1,c(150, 73, 172, 171, 172, 206, 206, 211, 222, 16, 73, 171, 206, 81, 206, 103, 229, 206, 229, 16, 229, 72, 206, 172, 229, 229, 206, 229, 206, 206, 103, 206, 229, 229, 73, 212, 206, 56, 56, 56, 56, 229, 150, 81, 81, 81, 81, 81, 81, 81, 81, 81, 81, 81, 178, 81, 73, 81, 212, 212, 212, 212, 106, 106, 106, 206, 53)
87.8697891235352,73.1734771728516,8.4611120223999,0.723929703235626,130.811141967773,21.0656700134277,43.0639915466309,607.348022460938,2645.1708984375,18.8773651123047,3562.2919921875,382.720825195312,141.926193237305,102,113.546371459961,6622.52294921875,52.2286758422852,210,362,152,155,1054.22399902344,2231.65673828125,3063.34057617188,1787.69482421875,0,1,0,12,12.4747190475464,39.6045150756836,66.6986236572266,51.4357757568359,50.7886047363281,75.4407424926758,0.846881628036499,15.0890235900879,18.6345520019531,6.6063175201416,0.547865688800812,0,0,0,0,0,0,0,1,0,0,0,0,0,0,0,0,0,280.271911621094,117047,1,c(150, 73, 172, 171, 172, 206, 206, 211, 222, 16, 73, 171, 206, 81, 206, 103, 229, 206, 229, 16, 229, 72, 206, 172, 229, 229, 206, 229, 206, 206, 103, 206, 229, 229, 73, 212, 206, 56, 56, 56, 56, 229, 150, 81, 81, 81, 81, 81, 81, 81, 81, 81, 81, 81, 178, 81, 73, 81, 212, 212, 212, 212, 106, 106, 106, 206, 53)
87.8697891235352,73.1734771728516,8.4611120223999,0.723929703235626,130.811141967773,21.0656700134277,43.0639915466309,607.348022460938,2645.1708984375,18.8773651123047,3562.2919921875,382.720825195312,141.926193237305,102,113.546371459961,6537.48583984375,43.3224220275879,311,450,139,152,1078.8232421875,2257.24609375,3091.30883789062,1814.08947753906,0,0,0,12,12.6193027496338,37.5369529724121,66.104850769043,50.4990768432617,50.1150016784668,74.8983993530273,1.0368572473526,15.2771644592285,18.8885498046875,6.78963756561279,0.542850911617279,0,0,0,1,0,0,0,0,0,0,0,0,0,0,0,0,0,279.347595214844,107703.296875,1,c(150, 73, 172, 171, 172, 206, 206, 211, 222, 16, 73, 171, 206, 81, 206, 103, 229, 206, 229, 16, 229, 72, 206, 172, 229, 229, 206, 229, 206, 206, 103, 206, 229, 229, 73, 212, 206, 56, 56, 56, 56, 229, 150, 81, 81, 81, 81, 81, 81, 81, 81, 81, 81, 81, 178, 81, 73, 81, 212, 212, 212, 212, 106, 106, 106, 206, 53)
260.966094970703,257.583465576172,24.9239273071289,2.94700241088867,422.703674316406,68.2197418212891,150.004364013672,1468.63610839844,4807.74365234375,84.4781036376953,5936.00341796875,719.94970703125,290.716552734375,110,163.219818115234,73589.4453125,59.2611122131348,64,167,103,108,1141.92126464844,2377.24853515625,3222.626953125,1921.42492675781,1,0,0,10,12.3090724945068,42.5704612731934,64.7668304443359,49.0050888061523,51.5354270935059,74.1579513549805,1.13473498821259,16.4096660614014,20.0686874389648,7.23560571670532,0.510682165622711,0,0,0,0,0,0,0,0,0,0,0,1,0,0,0,0,0,279.185302734375,41231.0546875,1,c(150, 73, 172, 171, 172, 206, 206, 211, 222, 16, 73, 171, 206, 81, 206, 103, 229, 206, 229, 16, 229, 72, 206, 172, 229, 229, 206, 229, 206, 206, 103, 206, 229, 229, 73, 212, 206, 56, 56, 56, 56, 229, 150, 81, 81, 81, 81, 81, 81, 81, 81, 81, 81, 81, 178, 81, 73, 81, 212, 212, 212, 212, 106, 106, 106, 206, 53)
39.994873046875,13.065393447876,7.0879397392273,0.302252650260925,48.6858711242676,2.35370945930481,12.6648788452148,573.497436523438,3551.64575195312,2.11609530448914,4569.32763671875,365.164916992188,241.258209228516,84,181.673568725586,6664.89501953125,61.6471176147461,218,445,227,363,1066.25073242188,2248.84936523438,3076.82861328125,1796.59875488281,0,1,0,10,12.4712753295898,43.4254493713379,67.7456283569336,52.0403213500977,50.1750640869141,76.6041412353516,0.514646828174591,14.7611474990845,18.3101348876953,6.27772808074951,0.460105359554291,0,0,0,0,0,0,0,0,0,0,0,1,0,0,0,0,0,287.753265380859,123693.171875,1,c(150, 73, 172, 171, 172, 206, 206, 211, 222, 16, 73, 171, 206, 81, 206, 103, 229, 206, 229, 16, 229, 72, 206, 172, 229, 229, 206, 229, 206, 206, 103, 206, 229, 229, 73, 212, 206, 56, 56, 56, 56, 229, 150, 81, 81, 81, 81, 81, 81, 81, 81, 81, 81, 81, 178, 81, 73, 81, 212, 212, 212, 212, 106, 106, 106, 206, 53)
113.170127868652,95.1063461303711,13.7476596832275,1.04923629760742,167.042984008789,16.7061214447021,46.9317932128906,889.114685058594,3823.79541015625,19.7721786499023,4884.36083984375,481.591796875,254.42236328125,103,183.305587768555,6665.00390625,61.316104888916,250,431,181,383,1079.26000976562,2263.13940429688,3092.48657226562,1810.9541015625,0,1,0,10,12.5419549942017,40.5440216064453,66.8704223632812,51.0376205444336,49.4936637878418,75.6481781005859,0.736187219619751,14.9893407821655,18.600887298584,6.49606847763062,0.524099051952362,0,0,0,1,0,0,0,0,0,0,0,0,0,0,0,0,0,290.213195800781,114017.5390625,1,c(150, 73, 172, 171, 172, 206, 206, 211, 222, 16, 73, 171, 206, 81, 206, 103, 229, 206, 229, 16, 229, 72, 206, 172, 229, 229, 206, 229, 206, 206, 103, 206, 229, 229, 73, 212, 206, 56, 56, 56, 56, 229, 150, 81, 81, 81, 81, 81, 81, 81, 81, 81, 81, 81, 178, 81, 73, 81, 212, 212, 212, 212, 106, 106, 106, 206, 53)
103.92586517334,10.2030143737793,5.30313396453857,0.0249290186911821,84.3017807006836,5.15112781524658,32.264533996582,384.458923339844,2847.3486328125,8.63803005218506,3527.52075195312,384.0205078125,125.420486450195,86,86.9752807617188,5528.326171875,59.6578750610352,152,258,106,116,973.227355957031,2264.34448242188,3092.70776367188,1828.59753417969,3,0,0,13,11.8754367828369,43.6641693115234,62.9787101745605,52.1306304931641,55.5878143310547,73.8521041870117,1.29523801803589,16.5628719329834,20.1478080749512,7.3005895614624,0.572703182697296,0,0,0,0,0,0,0,0,0,0,0,0,1,0,0,0,0,284.938354492188,72111.0234375,1,c(150, 73, 172, 171, 172, 206, 206, 211, 222, 16, 73, 171, 206, 81, 206, 103, 229, 206, 229, 16, 229, 72, 206, 172, 229, 229, 206, 229, 206, 206, 103, 206, 229, 229, 73, 212, 206, 56, 56, 56, 56, 229, 150, 81, 81, 81, 81, 81, 81, 81, 81, 81, 81, 81, 178, 81, 73, 81, 212, 212, 212, 212, 106, 106, 106, 206, 53)
195.749588012695,125.417816162109,20.0775604248047,1.94523251056671,261.145599365234,41.2197875976562,91.469596862793,1091.43725585938,4542.908203125,28.5972595214844,5706.2978515625,558.740356445312,286.963500976562,102,184.021255493164,7684.31982421875,31.3479232788086,128,283,155,176,1100.97924804688,2332.46215820312,3162.8291015625,1878.44067382812,0,0,0,10,12.7414531707764,41.4861373901367,65.8385543823242,51.5460357666016,52.1844253540039,73.7714996337891,1.21540021896362,15.6895656585693,19.5543899536133,7.14572525024414,0.489499866962433,0,0,0,0,0,0,0,0,0,0,0,1,0,0,0,0,0,322.334533691406,30000,1,c(150, 73, 172, 171, 172, 206, 206, 211, 222, 16, 73, 171, 206, 81, 206, 103, 229, 206, 229, 16, 229, 72, 206, 172, 229, 229, 206, 229, 206, 206, 103, 206, 229, 229, 73, 212, 206, 56, 56, 56, 56, 229, 150, 81, 81, 81, 81, 81, 81, 81, 81, 81, 81, 81, 178, 81, 73, 81, 212, 212, 212, 212, 106, 106, 106, 206, 53)
207.923736572266,196.168533325195,23.6646747589111,3.22032594680786,330.613433837891,68.8452224731445,133.463760375977,1273.99499511719,4744.6650390625,51.2992057800293,5895.62060546875,616.93701171875,295.064270019531,110,202.480804443359,35674.42578125,59.5276794433594,77,222,145,170,1103.7890625,2354.7392578125,3188.3515625,1900.07775878906,0,0,0,8,12.4971208572388,47.3448905944824,64.6774749755859,51.4131546020508,52.4925231933594,72.5545349121094,1.12578904628754,16.3054428100586,19.8513202667236,7.2370982170105,0.53861802816391,0,0,0,0,0,0,0,0,0,0,0,1,0,0,0,0,0,319.707397460938,0,1,c(150, 73, 172, 171, 172, 206, 206, 211, 222, 16, 73, 171, 206, 81, 206, 103, 229, 206, 229, 16, 229, 72, 206, 172, 229, 229, 206, 229, 206, 206, 103, 206, 229, 229, 73, 212, 206, 56, 56, 56, 56, 229, 150, 81, 81, 81, 81, 81, 81, 81, 81, 81, 81, 81, 178, 81, 73, 81, 212, 212, 212, 212, 106, 106, 106, 206, 53)
45.3431625366211,26.1904525756836,4.11016178131104,0.242478653788567,54.84033203125,10.5653629302979,21.4857311248779,364.959411621094,2189.76733398438,4.00039434432983,3049.79663085938,305.084075927734,98.7027587890625,84,106.555885314941,6042.3486328125,51.919979095459,243,442,199,209,1044.78967285156,2241.82299804688,3053.8193359375,1780.79016113281,0,1,0,10,12.5122022628784,43.0542945861816,65.8129348754883,53.6467208862305,50.9900512695312,75.716682434082,1.091876745224,15.2939491271973,18.4189128875732,6.46054410934448,0.579943001270294,0,0,0,0,0,0,0,0,0,0,0,1,0,0,0,0,0,297.498291015625,170293.859375,1,c(150, 73, 172, 171, 172, 206, 206, 211, 222, 16, 73, 171, 206, 81, 206, 103, 229, 206, 229, 16, 229, 72, 206, 172, 229, 229, 206, 229, 206, 206, 103, 206, 229, 229, 73, 212, 206, 56, 56, 56, 56, 229, 150, 81, 81, 81, 81, 81, 81, 81, 81, 81, 81, 81, 178, 81, 73, 81, 212, 212, 212, 212, 106, 106, 106, 206, 53)
175.547103881836,10.7453746795654,94.2755126953125,55.907787322998,438.655303955078,2.5204815864563,231.556610107422,1685.16748046875,4058.4423828125,186.531723022461,5194.19384765625,279.150695800781,286.277313232422,119,177.185317993164,18248.837890625,1300.85217285156,26,24,-2,-2,778.11962890625,2887.9775390625,3902.37670898438,2253.38305664062,15,0,0,3,12.0573463439941,49.2763252258301,67.2822952270508,51.8634948730469,47.3837203979492,64.6995239257812,1.51257359981537,18.3741989135742,23.1018486022949,6.05734443664551,0.456491053104401,0,0,0,0,0,0,0,0,1,0,0,0,0,0,0,0,0,61.6479301452637,0,1,c(150, 73, 172, 171, 172, 206, 206, 211, 222, 16, 73, 171, 206, 81, 206, 103, 229, 206, 229, 16, 229, 72, 206, 172, 229, 229, 206, 229, 206, 206, 103, 206, 229, 229, 73, 212, 206, 56, 56, 56, 56, 229, 150, 81, 81, 81, 81, 81, 81, 81, 81, 81, 81, 81, 178, 81, 73, 81, 212, 212, 212, 212, 106, 106, 106, 206, 53)
138.915679931641,27.4731464385986,11.925537109375,0.796169340610504,132.51091003418,6.61279392242432,52.2248764038086,506.7890625,2676.86547851562,6.0732889175415,3191.37866210938,328.905639648438,130.098083496094,85,81.4158096313477,3180.45532226562,193.268661499023,91,380,289,311,1057.67761230469,2345.42578125,3129.28369140625,1832.77673339844,0,0,0,7,13.5023031234741,48.4034461975098,62.8506011962891,51.5623207092285,52.0132789611816,75.6902389526367,1.1888792514801,16.2324142456055,19.4327201843262,6.33078765869141,0.496825098991394,0,0,0,0,0,0,0,0,0,0,0,0,1,0,0,0,0,437.332641601562,160312.203125,1,c(150, 73, 172, 171, 172, 206, 206, 211, 222, 16, 73, 171, 206, 81, 206, 103, 229, 206, 229, 16, 229, 72, 206, 172, 229, 229, 206, 229, 206, 206, 103, 206, 229, 229, 73, 212, 206, 56, 56, 56, 56, 229, 150, 81, 81, 81, 81, 81, 81, 81, 81, 81, 81, 81, 178, 81, 73, 81, 212, 212, 212, 212, 106, 106, 106, 206, 53)
151.760833740234,65.2144927978516,25.8057689666748,1.90225124359131,250.083709716797,45.652645111084,120.172119140625,866.711730957031,3192.92797851562,23.6471424102783,4123.4892578125,420.888244628906,171.329925537109,100,164.691253662109,9.87742805480957,109.715057373047,90,312,222,258,1401.83044433594,2590.0703125,3366.81176757812,2012.62390136719,0,0,0,4,12.2453556060791,38.3091506958008,68.8068084716797,57.6753349304199,49.4016265869141,77.4084014892578,3.41952562332153,16.1201419830322,19.6048946380615,7.60539150238037,0.604214489459991,0,0,0,0,1,0,0,0,0,0,0,0,0,0,0,0,0,345.962219238281,0,1,c(150, 73, 172, 171, 172, 206, 206, 211, 222, 16, 73, 171, 206, 81, 206, 103, 229, 206, 229, 16, 229, 72, 206, 172, 229, 229, 206, 229, 206, 206, 103, 206, 229, 229, 73, 212, 206, 56, 56, 56, 56, 229, 150, 81, 81, 81, 81, 81, 81, 81, 81, 81, 81, 81, 178, 81, 73, 81, 212, 212, 212, 212, 106, 106, 106, 206, 53)
134.722137451172,155.195587158203,16.4617919921875,2.26159000396729,231.510055541992,96.012451171875,131.206100463867,886.142456054688,3076.71606445312,19.7632026672363,3857.99169921875,429.039855957031,177.831695556641,105,129.408096313477,3321.94897460938,197.886871337891,65,527,462,471,1033.33251953125,2363.05981445312,3082.6376953125,1843.34350585938,1,0,0,5,12.1071834564209,96.4166946411133,55.9854125976562,55.1438217163086,54.866081237793,73.2572326660156,0.898775577545166,15.6028804779053,18.7021903991699,5.91498851776123,0.631682932376862,0,0,0,0,0,0,0,0,0,0,0,1,0,0,0,0,0,294.274139404297,58309.51953125,1,c(150, 73, 172, 171, 172, 206, 206, 211, 222, 16, 73, 171, 206, 81, 206, 103, 229, 206, 229, 16, 229, 72, 206, 172, 229, 229, 206, 229, 206, 206, 103, 206, 229, 229, 73, 212, 206, 56, 56, 56, 56, 229, 150, 81, 81, 81, 81, 81, 81, 81, 81, 81, 81, 81, 178, 81, 73, 81, 212, 212, 212, 212, 106, 106, 106, 206, 53)
46.3636093139648,12.7389192581177,8.21835231781006,1.20555031299591,111.313117980957,10.2380228042603,69.0827865600586,585.498657226562,2506.91284179688,58.4753303527832,3078.7021484375,359.04541015625,137.967971801758,90,157.448684692383,21849.458984375,10.8268756866455,220,642,422,422,1087.96691894531,2310.01196289062,3076.802734375,1742.19262695312,1,1,0,1,11.7696580886841,65.7463836669922,63.0807800292969,58.0416831970215,57.1590957641602,75.7355575561523,2.37717437744141,14.6477928161621,19.0520534515381,6.84685564041138,0.55626767873764,0,0,0,0,0,0,0,0,0,0,0,0,1,0,0,0,0,308.015075683594,14142.1357421875,1,c(150, 73, 172, 171, 172, 206, 206, 211, 222, 16, 73, 171, 206, 81, 206, 103, 229, 206, 229, 16, 229, 72, 206, 172, 229, 229, 206, 229, 206, 206, 103, 206, 229, 229, 73, 212, 206, 56, 56, 56, 56, 229, 150, 81, 81, 81, 81, 81, 81, 81, 81, 81, 81, 81, 178, 81, 73, 81, 212, 212, 212, 212, 106, 106, 106, 206, 53)
2.13949108123779,0,0.66351443529129,0,4.78461980819702,0,2.09584426879883,206.992874145508,930.778503417969,0,1696.24731445312,154.378448486328,69.0495223999023,76,105.286392211914,44867.45703125,1.14199388027191,320,874,554,651,1020.62371826172,2234.369140625,2974.72607421875,1679.87768554688,4,2,0,6,12.1044588088989,66.4043273925781,61.5610008239746,60.5241546630859,60.286548614502,74.3851089477539,1.68718898296356,14.2640333175659,18.3666286468506,6.06298398971558,0.660935282707214,0,0,0,0,0,0,0,0,0,0,0,0,0,1,0,0,0,290.221984863281,22360.6796875,1,c(150, 73, 172, 171, 172, 206, 206, 211, 222, 16, 73, 171, 206, 81, 206, 103, 229, 206, 229, 16, 229, 72, 206, 172, 229, 229, 206, 229, 206, 206, 103, 206, 229, 229, 73, 212, 206, 56, 56, 56, 56, 229, 150, 81, 81, 81, 81, 81, 81, 81, 81, 81, 81, 81, 178, 81, 73, 81, 212, 212, 212, 212, 106, 106, 106, 206, 53)
48.081371307373,9.32906532287598,3.02621388435364,0.289454162120819,119.542053222656,15.5550451278687,84.7912445068359,426.030731201172,1373.92358398438,76.6664199829102,1950.43420410156,213.816970825195,71.2630767822266,94,95.6649475097656,20223.666015625,13.1167392730713,1481,1851,370,370,864.564208984375,2036.86279296875,2771.826171875,1496.7109375,1,1,0,1,10.4482364654541,69.8294906616211,63.0642547607422,62.3699989318848,63.5711517333984,72.4041519165039,1.46483635902405,13.0658340454102,17.8888511657715,6.21231365203857,0.688893914222717,0,0,0,0,0,0,0,1,0,0,0,0,0,0,0,0,0,263.322692871094,10000,1,c(150, 73, 172, 171, 172, 206, 206, 211, 222, 16, 73, 171, 206, 81, 206, 103, 229, 206, 229, 16, 229, 72, 206, 172, 229, 229, 206, 229, 206, 206, 103, 206, 229, 229, 73, 212, 206, 56, 56, 56, 56, 229, 150, 81, 81, 81, 81, 81, 81, 81, 81, 81, 81, 81, 178, 81, 73, 81, 212, 212, 212, 212, 106, 106, 106, 206, 53)
5.1023907661438,0,0.494843691587448,0,5.70272350311279,0,3.3456768989563,87.6308059692383,590.9755859375,0.421036094427109,1082.06042480469,92.7895355224609,36.7511711120605,76,56.3586006164551,13205.2763671875,6.374107837677,1853,3011,1158,1842,552.551025390625,1663.29833984375,2367.6318359375,1159.20446777344,15,3,0,5,9.65268516540527,63.2984771728516,60.3499984741211,61.1751365661621,58.7365646362305,69.7655487060547,-2.6866340637207,8.07980728149414,13.6096458435059,2.7867214679718,0.627308487892151,0,0,0,0,0,0,0,0,0,1,0,0,0,0,0,0,0,245.179168701172,31622.77734375,1,c(150, 73, 172, 171, 172, 206, 206, 211, 222, 16, 73, 171, 206, 81, 206, 103, 229, 206, 229, 16, 229, 72, 206, 172, 229, 229, 206, 229, 206, 206, 103, 206, 229, 229, 73, 212, 206, 56, 56, 56, 56, 229, 150, 81, 81, 81, 81, 81, 81, 81, 81, 81, 81, 81, 178, 81, 73, 81, 212, 212, 212, 212, 106, 106, 106, 206, 53)
70.5816345214844,1.9729528427124,4.97532653808594,0,68.47119140625,2.02824425697327,33.1807060241699,302.160949707031,1683.00964355469,11.9034385681152,2200.30126953125,185.973220825195,56.7760772705078,71,63.6408996582031,5919.94677734375,200.561325073242,935,1133,198,201,1461.63903808594,2714.39013671875,3425.47607421875,2124.49755859375,0,0,0,0,10.8149003982544,86.0728454589844,49.3395309448242,54.5998306274414,55.4552688598633,68.549446105957,4.08836126327515,16.9120063781738,21.4117050170898,8.4235143661499,0.655678927898407,0,0,0,0,0,0,0,0,0,0,0,0,1,0,0,0,0,157.286376953125,20000,1,c(150, 73, 172, 171, 172, 206, 206, 211, 222, 16, 73, 171, 206, 81, 206, 103, 229, 206, 229, 16, 229, 72, 206, 172, 229, 229, 206, 229, 206, 206, 103, 206, 229, 229, 73, 212, 206, 56, 56, 56, 56, 229, 150, 81, 81, 81, 81, 81, 81, 81, 81, 81, 81, 81, 178, 81, 73, 81, 212, 212, 212, 212, 106, 106, 106, 206, 53)
245.544555664062,7.12070417404175,87.6022338867188,2.60385656356812,284.598205566406,0.0143764745444059,95.9438400268555,914.998901367188,3289.48608398438,41.6847038269043,3748.18603515625,431.289916992188,138.499069213867,89,119.87134552002,136667.34375,315.375305175781,37,124,87,93,1829.09631347656,3096.14697265625,3806.85107421875,2533.68212890625,0,0,0,0,11.169695854187,60.0670471191406,57.6226959228516,48.0464401245117,48.6254730224609,74.2969818115234,4.83990812301636,19.2044067382812,23.580509185791,9.44737911224365,0.57602733373642,0,0,0,0,0,0,0,0,0,0,0,1,0,0,0,0,0,130.268035888672,41231.0546875,1,c(150, 73, 172, 171, 172, 206, 206, 211, 222, 16, 73, 171, 206, 81, 206, 103, 229, 206, 229, 16, 229, 72, 206, 172, 229, 229, 206, 229, 206, 206, 103, 206, 229, 229, 73, 212, 206, 56, 56, 56, 56, 229, 150, 81, 81, 81, 81, 81, 81, 81, 81, 81, 81, 81, 178, 81, 73, 81, 212, 212, 212, 212, 106, 106, 106, 206, 53)
454.699645996094,60.6900062561035,185.56819152832,15.0501527786255,566.921020507812,0.101402141153812,168.216918945312,1544.45764160156,3669.5087890625,26.0191612243652,4475.03857421875,538.362243652344,165.221572875977,101,138.443572998047,12914.388671875,248.339874267578,146,227,81,84,1986.8916015625,3223.80590820312,3948.53271484375,2680.34033203125,0,0,0,0,11.218939781189,35.7192268371582,56.1418113708496,41.3293151855469,40.9235420227051,70.845703125,5.22685480117798,18.8130111694336,23.8455791473389,9.69383907318115,0.471528023481369,0,0,0,0,0,0,0,0,0,0,0,0,1,0,0,0,0,66.2542877197266,10000,1,c(150, 73, 172, 171, 172, 206, 206, 211, 222, 16, 73, 171, 206, 81, 206, 103, 229, 206, 229, 16, 229, 72, 206, 172, 229, 229, 206, 229, 206, 206, 103, 206, 229, 229, 73, 212, 206, 56, 56, 56, 56, 229, 150, 81, 81, 81, 81, 81, 81, 81, 81, 81, 81, 81, 178, 81, 73, 81, 212, 212, 212, 212, 106, 106, 106, 206, 53)
58.6845779418945,3.28535962104797,7.47855949401855,0.105397507548332,92.7841491699219,3.44982600212097,55.639778137207,520.188232421875,2134.78955078125,25.287784576416,3163.47265625,384.86572265625,138.807373046875,105,89.9326171875,256.995147705078,2.18162608146667,294,791,497,509,1785.5537109375,2667.86791992188,3653.67993164062,2389.814453125,0,0,0,0,12.974552154541,42.144344329834,71.3129577636719,60.2526931762695,48.8320388793945,64.142333984375,5.92822265625,13.6572780609131,19.7721786499023,9.52124309539795,0.399968922138214,0,0,0,0,0,0,0,0,0,0,0,1,0,0,0,0,0,54.330135345459,1e+05,1,c(150, 73, 172, 171, 172, 206, 206, 211, 222, 16, 73, 171, 206, 81, 206, 103, 229, 206, 229, 16, 229, 72, 206, 172, 229, 229, 206, 229, 206, 206, 103, 206, 229, 229, 73, 212, 206, 56, 56, 56, 56, 229, 150, 81, 81, 81, 81, 81, 81, 81, 81, 81, 81, 81, 178, 81, 73, 81, 212, 212, 212, 212, 106, 106, 106, 206, 53)
165.158416748047,0,149.556930541992,12.2636013031006,267.623962402344,0.0207454673945904,170.608901977539,1441.74658203125,5161.5810546875,58.775333404541,3753.27294921875,1162.94775390625,36.6267738342285,71,210.184951782227,13975.142578125,16.2293453216553,152,156,4,82,2095.48828125,4017.90405273438,5183.48681640625,3336.99755859375,0,0,0,0,11.1037530899048,1.18059456348419,55.0625190734863,60.9666175842285,57.7378044128418,59.5471076965332,15.149320602417,22.6970195770264,28.1895637512207,18.652006149292,0.230888336896896,0,0,0,0,0,0,0,0,0,1,0,0,0,0,0,0,0,1.1562579870224,136014.703125,1,c(150, 73, 172, 171, 172, 206, 206, 211, 222, 16, 73, 171, 206, 81, 206, 103, 229, 206, 229, 16, 229, 72, 206, 172, 229, 229, 206, 229, 206, 206, 103, 206, 229, 229, 73, 212, 206, 56, 56, 56, 56, 229, 150, 81, 81, 81, 81, 81, 81, 81, 81, 81, 81, 81, 178, 81, 73, 81, 212, 212, 212, 212, 106, 106, 106, 206, 53)
